{
    "metadata":{
        "materials":2,
        "uvs":1,
        "generator":"io_three",
        "vertices":8,
        "version":3,
        "type":"Geometry",
        "normals":2,
        "colors":0,
        "faces":2
    },
    "normals":[-0.099998,0.994988,-0,0.099995,-0.994988,0],
    "name":"PlaneGeometry.1",
    "vertices":[0.990041,-1.00984,0.206643,-0.999934,-1.00984,0.006647,0.990041,0.990161,0.206643,-0.999934,0.990161,0.006647,-0.999289,-1.00984,0.010215,0.990687,-1.00984,0.210205,-0.999289,0.990161,0.010214,0.990687,0.990161,0.210205],
    "faces":[43,0,2,3,1,0,0,1,2,3,0,0,0,0,43,4,6,7,5,1,4,5,6,7,1,1,1,1],
    "materials":[{
        "shading":"phong",
        "DbgName":"side2",
        "depthTest":true,
        "DbgIndex":1,
        "visible":true,
        "colorSpecular":[0.5,0.5,0.5],
        "DbgColor":15597568,
        "transparent":false,
        "depthWrite":true,
        "wireframe":false,
        "vertexColors":false,
        "colorEmissive":[0,0,0],
        "specularCoef":50,
        "blending":"NormalBlending",
        "opacity":1
    },{
        "shading":"phong",
        "DbgName":"side1",
        "depthTest":true,
        "DbgIndex":0,
        "visible":true,
        "colorSpecular":[0.5,0.5,0.5],
        "DbgColor":15658734,
        "transparent":false,
        "depthWrite":true,
        "wireframe":false,
        "vertexColors":false,
        "colorEmissive":[0,0,0],
        "specularCoef":50,
        "blending":"NormalBlending",
        "opacity":1
    }],
    "uvs":[[5e-05,0.503477,5e-05,0.750342,0.99995,0.750342,0.99995,0.503477,5e-05,0.751405,5e-05,1.00042,0.99995,1.00042,0.99995,0.751405]],
    "colors":[]
}